ID,Table code,Theory/framework/methodology,Literal definition,Primary approach,Secondary approach
TCA3_001,Table SM.3.1,Human agency,"Human agency is a critically important factor for ensuring that sustainability transformation in any given social-ecological system places social justice and equity at the centre alongside meeting environmental goals. The term human agency is multi-faceted. It involves an individual’s capacity to freely make choices (K. Brown & Westaway, 2011), the capacity to define one’s goals and act on them (Kabeer, 1999) and the capacity to play an independent causal role in history (McLaughlin & Dietz, 2008). The exercise of human agency goes beyond observable action and includes the less visible aspects of the meanings, motivations and purposes that animate people’s activities (Kabeer, 1999; Manlosa, 2022). While much of literature views agency as a matter of decision-making, Kabeer (1999) considers a more nuanced view to include bargaining, negotiation, non-action as resistance and invisible cognitive processes of reflection and analysis as exercises of agency. While agency is primarily an individual’s capacity, it can also be possessed by groups history (McLaughlin & Dietz, 2008) in collective action. The concept of human agency contributes to transformative change research. One of the earlier research strands linking human agency and transformative change was done by feminist scholars theorizing the processes through which human agency contributes to gender transformative change towards more equal gender and power relations (Kantor, 2013). The discourse on sustainability transformation is much broader but some of the linkages are similar. For instance, the setting of goals to guide the direction of sustainability transformation includes the exercise of human agency. Questions of whose goals, raises issues around which groups have the opportunity to play causal roles in transformation processes in their own places. Complex decision-making and the power of participatory processes to amplify the voices of marginalized groups similarly involves the analysis and exercise of human agency of diverse social groups. Thus, human agency is foundational to the sustainability transformation discourse.",Systems,Empowerment
TCA3_002,Table SM.3.2,Agroecological transformations,"Conventional agriculture has been a major driver of environmental degradation, with the expansion of the agricultural frontier displacing natural areas and intensifying land use (Tscharntke et al., 2005). This has led to increased deforestation, greenhouse gas emissions and global biodiversity loss and nature’s decline, which in turn have reduced the natural capital of agroecosystems and their capacity to provide ecosystem services (Tilman et al., 2002). However, these environments have the potential to contribute to multiple dimensions of human well-being and proper management can resolve trade-offs between production, food security and people's quality of life. Building natural capital over the long term, such as fertile soils and more positive biotic interactions, is crucial for sustainable food systems (Tittonell, 2020). Agroecological transformation is an interactive horizontal change that promotes shared learning and creative solutions. It aims to comprehensively transform agroecosystems to function based on ecological processes driven by diversification strategies inside and outside the fields (Altieri, 2018). Both a multidisciplinary science and a social movement (Wezel et al., 2009), agroecology5 can be implemented in systems of any scale because it is highly context-dependent and its principles adapt to each case. It comprises practices as diverse as intercropping, integrated pest management, dry mulching and water infiltration, relying most of all on a participatory approach that brings together actors from the productive, academic, political and public sectors with a common vision. Assistance from various sectors may involve technology transfers56, from optimizations at the logistics level in field management to service provisioning and improvements in existing farming tools.",Systems,"Science & Technology, Knowledge co-creation"
TCA3_003,Table SM.3.3,Phases of deliberate social-ecological transformations,"Inspired by the four-phases adaptation cycle, Olsson et al (2004) proposed that social-ecological transformations generally take place in three phases: 1) preparing for change, 2) navigating the transition and 3) building resilience of the new trajectory of development. The framework was expanded by describing subprocesses that occur within each phase and emphasizing the role of power and agency for the case of deliberate, purposeful or intentional social-ecological transformations (Moore et al., 2014). Deliberate transformation theory engages with the political, as well as the inner dimensions of transformations through questioning the assumptions, beliefs, values, commitments, loyalties and interests that support current structures, systems and behaviours (Manuel-Navarrete & Pelling, 2015; O’Brien, 2012). Considering the complex interactions between agency and structural factors in particular social-ecological systems Andrachuk et al. (2018) proposed a “building blocks” heuristic to complement the three-phases model. This heuristic recognizes the interplay of bottom-up and top-down perspectives on how to foster meaningful and lasting changes.",Systems,"Knowlodge co-creation, Inner, Structural"
TCA3_004,Table SM.3.4,Panarchy theory,"The panarchy theory (Gunderson & Holling, 2003) offers a comprehensive framework for understanding dynamic change in complex social-ecological systems . One major concept from this theory delineates a four-phase adaptive cycle, encompassing exploitation, conservation, release and reorganization, with each adaptive cycle connected across scales, to at least one adaptive cycle “above” and “below” that scale and numerous others alongside. The two phases of the “front loop” of the cycle are relatively slow, involving resource accumulation and institutionalization of that system state. However, the flexibility and diversity of the system are reduced in these phases, affecting its capacity to respond to external shocks. Then, if the state of that social-ecological systems is disrupted, it may open up space for new opportunities and innovations that might shape the reorganization of a new system (the “back loop”). A system that has resilience is able to move between all of these phases of the cycle without facing total collapse. The panarchy – the cross-scale connections of multiple adaptive cycles – also shapes the social-ecological systems through dynamics such as remembrance (i.e., social-ecological memory that provides context and experience after collapse) and revolt (which arises from the interactions between radical niches that aim to break down the status quo), which are key for understanding and guiding transformative change (Olsson et al., 2022). Subsequent developments in the field of resilience science have built upon panarchy theory by highlighting three key aspects that are involved in resilience: persistence, adaptability and transformability (Folke et al., 2010). In particular, scholars have underscored the critical role of resilience in social-ecological systems transformations in both destabilizing existing undesirable systems and strengthening emerging ones. Three phases typically proceed social-ecological systems transformations, namely, the preparing, navigating and stabilizing phase (Olsson et al., 2014); and each phase involves specific capacities for fostering social ecological systems transformations (Westley et al., 2013).",Systems,"Inner, Empowerment, Structural"
TCA3_005,Table SM.3.5,Catalysing transformation,"Catalyzing transformation is a process used by change agents called transformation catalysts (Waddock, 2023; Waddock & Waddell, 2021) in many different contexts to bring about purposeful system transformation/change by connecting, cohering and amplifying the work of multiple change agents into self-aware and effective transformation systems (Waddock et al., 2022). Catalysis draws from the idea that paradigm shift in, for example, how humans understand their relationship to nature and other-than-human beings, drives economic and societal activities that impact the natural world

(Meadows, 1999). The idea of catalysis (Hussein et al., 2017) builds on a systems-based understanding that draws from complexity theory, based on understanding that bringing together multiple actors into greater coherence and action can lend impact to their transformation activities thereby developing potential to overcome vested interested to shift towards more equitable, flourishing socio-ecological systems8.",Systems,"Knowledge co-creation, Inner"
TCA3_006,Table SM.3.6,Seeds of good anthropocenes,"The Seeds of Good Anthropocene initiative is based on the assumption that achieving desirable futures in the Anthropocene involves imagining more radical transformative futures (Bennett et al., 2016). Current visions of the future are dominated by dystopian visions of the future, while scientific visions are often overly optimistic expectations of change despite business-as-usual approaches. The lack of a wider variety of alternative futures and the methods to create them presents a barrier to innovation and action (Pereira et al., 2019). Complexity and resilience approaches are particularly well-suited to the challenge of transforming to a more sustainable Anthropocene because of the uncertainty, novelty and uneven nature of transformative change. While most theories of change feature gradual change of dominant systems, the Seeds of Good Anthropocenes approach is based on the idea that the world is more diverse and surprising and that transformative change often comes from the combination of existing marginal experiments. A high diversity of experiments towards change is essential to provide response diversity that enables a system to cope with surprises and shocks.",Systems,Empowerment
TCA3_007,Table SM.3.7,Collective action in social-ecological systems,"Collective action is a central feature and need of both people and nature, essential for enabling transformative changes by working together to establish common goals and systems to achieve them. The social-ecological systems framework developed by Elinor Ostrom and colleagues, (McGinnis & Ostrom, 2014; Ostrom, 2009a) is a comprehensive empirically-based tool for diagnosing the variables hindering or enabling collective action at the interface of people and nature. The framework provides organized sets of variables in eight first-tier categories, with the central four being Governance, Actors, Resource Users and Resource systems. Each first-tier category contains nested second-tier variables – 56 in total - that are more specific such as resource system productivity, property rights, leadership and economic value. The logic of the framework is to provide a comprehensive diagnostic checklist of the empirically-backed variables that may be influencing collective action in the commons - which are understood as social-ecological systems - such as fishery, urban gardens or land for pastoralists. Similar to medical doctors, sustainability scholars can use the framework to diagnose collective action and sustainability outcome problems with the framework by first assessing the role of each variable in the system of interest and then narrowing those down to the underlying factors that can be addressed with governance interventions to enable transformative changes in the system’s functionality towards more desirable outcomes (Cox, 2011). Both social and biophysical variables shape collective action processes and the characteristics of those variables can make it easier or harder for groups to work together and transform the system effectively. Recent reviews of the literature have suggested it’s evolution into sub-frameworks tailored to specific sectors to more effectively define and measure common variables (Partelow, 2019). Applying the framework involves interdisciplinary qualitative and quantitative methods, where recent guidelines have been proposed (Nagel & Partelow, 2022).",Systems,Structural
TCA3_008,Table SM.3.8,Integrative framework for transformative social change,"Addressing complex environmental problems means a system-level transformations in lock-in structures such as social norms, infrastructures and institutions (Seto et al., 2016). Solutions also emerge as a result of the dynamic interaction between individual and collective actions. Individuals can contribute to sustainable pathways incrementally through their consumption and lifestyle choices, while also collectively influencing social structures through both implicit and explicit support for systemic change (O’Brien & Sygna, 2013). Because social systems and human actions are deeply interconnected, both top-down and bottom-up approaches are necessary to achieve transformative change (Geels & Schot, 2007). An integrative framework for transformative social change elucidates various pathways to advance environmental sustainability, explicitly treating both behavioural and social structural processes as interdependent elements for system feedbacks (Naito et al., 2022). Through behavioural processes, individuals play a crucial role in affecting social systems that in turn enable or constrain individual actions. In particular, the framework distinguishes between three types of individual actions that contribute differently to transformative change: private action that people take independently to reduce their environmental footprints (e.g., recycling); social-signaling action that people conduct to signal their environmental values (e.g., opinion sharing); and system-changing action that people engage in with a clear intent of influencing laws, policies and corporate actions (e.g., protesting). In social structural processes, it is important to analyze how existing institutions, social norms, economic systems and infrastructures are arranged and how they facilitate conditions that perpetuate environmental problems. Removing barriers to or enhancing the enablers of change within social structures is key to achieving rapid and dynamic transformations. The framework suggests that transformative change can be initiated from any points within either the behavioural or structural processes. However, it ultimately implies change across all aspects to establish and diffuse new pro-environmental norms (Otto et al., 2020).",Systems,Structural
TCA3_009,Table SM.3.9,Sustainability transitions,"Drawing on insights from complexity theory, the concept of transitions points at the patterns and mechanisms underlying such structural change in systems: transitions are a non-linear shift from one dynamic equilibrium to another. From natural and environmental sciences, transitions are understood as outcome of processes of self-organization, emergence and co-evolution that can keep a complex system dynamically stable. But when the context changes and the system is unable to adapt tipping points occur (Folke et al., 2004). Sustainability transitions research (Loorbach et al., 2017) explores what this could mean for transitions in the making by combining it with insights from social sciences. In complex societal systems transformative change is less straightforward: positions of actors, experiences, expectations, interests, emotions, power, imagination and preferences make societal transitions ambiguous, contested and uncertain (Rotmans et al., 2001). Yet the basic pattern has proven to be repetitive and predictable. In societal systems, actors develop so-called ‘regimes’ (shared cultures, structures and practices) that provide stability but also create path dependency (Rip, 1995). Over time ultimately context changes (technological, geopolitical, demographic changes combined with increasing sustainability concerns), internal lock-in and emerging alternatives will make established regimes ‘unsustainable’ and drive it out-of-equilibrium. The X-curve (Hebinck et al., 2022) identifies the different co-evolving patterns of increasingly destabilizing regime structures and emerging alternative technologies, practices, norms, structures and models. In this process actors will experience and develop sense of urgency, awareness and opportunity in different ways and start to work to accelerate or work against transformative pressures building up. Typically established (incumbent) actors are more likely to seek control, stability and avoid chaos and breakdown, while external actors and social innovations search for it. The understanding of transformative change in terms of the patterns and mechanisms underlying transitions does not provide a blueprint for action but it does offer a basis for new forms of governance that can influence the speed and direction of these emergent and semi-autonomous processes.",Systems,Structural
TCA3_010,Table SM.3.10,Social movement theory,"A social movement is a network of informal interactions between a plurality of individuals, groups and/or organizations, engaged in a political or cultural conflict, on the basis of a shared collective identity” (Diani, 1992). As a distinctive forms of contentious politics, social movements involve

collective claims-making which, if realized, would conflict with someone else’s interests. They also act as a counterweight to oppressive power, as a summons to popular action against a wide range of injustices (Wood, 2019). Social movements theories have highlighted the political aspect of the contentions that give to collective action. This is so because governments, in their various forms, participate as key players, whether as claimants, as actors in the claim making, objects or allies of claims, or as monitors of the contention (McAdam et al., 2001). Different theories have focused on different dimensions of these social processes. Among the most relevant perspectives, the resource mobilization theory, drawing on a rational choice approach, have focused on the assets and capacities of aggrieved groups. Resources may be tangible, such as money and facilities and intangible, such as the solidarities, cultural commitments and identity networks (Jenkins, 2001). Other theories have focused on the social movements’ shared collective identity. Collective identity here refers to imagined as well as concrete communities. As a fluid and relational process, it involves an act of perception and construction, as well as the discovery of preexisting bonds, interests and boundaries (Polletta & Jasper, 2001). Other analytical perspectives have focused on political opportunities, taking into account the multiplicity of independent centres of power within the polity, the openness of the polity to new actors, the instability of current political alignments and the availability of influential allies or supporters - within which activists are making claims (Tilly, 1993). The rise and fall of social movements mark the expansion and contraction of democratic opportunities (Wood, 2019).",Systems,"Knowledge co-creation, Empowerment, Structural"
TCA3_011,Table SM.3.11,Transition governance,"Transition governance is an area of sustainability transitions research that explores the role of actors in transition processes and how these can be influenced. The focus on agency, power, institutions as well as behaviour, expectations, emotions and culture is referred to as the socio-institutional perspective. It builds on the insights from sustainability transitions research that unsustainabilities are grounded in persistent societal regimes and that transitions are non-linear disruptive processes, which are both driven and worked against by different types of strategies and actions of actors. Transition then refers to structural reconfiguration, involving patterns of build-up and breakdown, from one stable societal system to another. This process of change evolves over decades. Transition governance identifies ways of and for actors to cope with the challenges of navigating complex, ambiguous and uncertain contexts towards just sustainability. Societal regimes are the dominant cultures, structures and practices in a complex societal system that remain in a dynamic equilibrium. Vested interests11, established routines, discourse and institutional conditions create path-dependencies and lock-ins that resist more structural change. These societal regimes provide stability to the system as well as inertia by being wired to resist change. Societal regimes generally have an interest in sustaining the status-quo and will work against transformative change, until it is inevitable. Alternatives to these societal regimes often emerge as a response to feelings of discontent as to how the societal regime operates and (dis)functions. These innovations can be considered radical, alternative, marginalized and outside the social norm. Initially, these emerge in protected environments, beyond the reach of the regime, allowing alternatives practices to be ‘nurtured’. Over time, some alternatives become better organized, visible and understood, contributing to further diffusion of these alternative – allowing them to spread, scale, or translate into other contexts, until they become a viable, stable alternative to the dominant system. As not all alternatives succeed, diversity and experimentation are vital.",Systems,
TCA3_012,Table SM.3.12,Leverage points for sustainability transformation,"transformation Leverage points are places to intervene in a system where a small shift can produce systemic change (Meadows, 1999). They occur within complex social-ecological systems and can be acted on in order

to induce change. Interventions in leverage points can “unlock” undesirable feedbacks and unleash the transformative potential of many interconnected systems to shift onto pathways for sustainability. Leverage points can be classified into deep and shallow ones (Abson et al., 2017). Interventions at deep leverage points have greater potential to change a system, while interventions at shallow leverage points may have minor influences (Chan et al., 2020). Therefore, the distinction between shallow and deep leverage points describes the extent to which interventions at these points can fundamentally alter the trajectory of a system and transform it. Following Abson et al.’s (2017) classification, more shallow places to intervene include parameters and feedbacks. Deeper places to intervene include the designs and intents of a system, not least because changing system design and intent automatically has repercussions for feedbacks and parameters. However, because social-ecological systems are complex and adaptive, interventions can have unintended consequences, making it crucial to not just understand possible interventions at different levels of systemic depth, but also interactions among leverage points. These interactions describe how one type of change in a system might precipitate further changes across different systemic depths (i.e., parameters, feedbacks, design, intent; Fischer & Riechers, 2019). Changes in parameters could pave the way for a questioning of system goals and paradigms and vice versa. Hence, sequences of how shallow to deep systemic changes flow on from and reinforce one another can be found, creating coherent chains of leverage. Alterative chains of leverage can highlight mismatching or even conflicting elements (such as conflicting paradigms, rules, institutions) and highlight possibly more effective alternatives (Riechers et al., 2022).",Systems,
TCA3_013,Table SM.3.13,Transformation flower approach,"The transformation flower approach is a theory of change that builds on and integrates the insights of various transformative change approaches, including transition management (Kemp et al., 2007; Rotmans & Loorbach, 2009), innovation systems12 (Bergek et al., 2008; Planko et al., 2016); sustainable market transformation (Nijhof et al., 2022), small-wins approach (Termeer & Dewulf, 2019), socio-ecological systems (Olsson et al., 2014; Westley et al., 2013) and transformative governance (Visseren-Hamakers et al., 2021). The transformation flower approach is a holistic, transdisciplinary and practically-relevant approach to achieving transitions/transformations and realizing collective agreements (at multiple governance levels) that are targeted at sustainability, equity and justice (Huntjens et al., 2023; Huntjens & Kemp, 2022).",Systems,"Knowledge co-creation, structural"
TCA3_014,Table SM.3.14,Metatheories of human action,"Many theories from across the social sciences and humanities aim to explain human action. This large number of theories can be overwhelming and hard to navigate. Yet this framework shows that this myriad of theories, at its foundation, is represented by only eight sets of assumptions, or metatheories.

Metatheories reflect the types of variables, timelines, scale of analysis, scale of change, levers, speed of implementation and what types of changes each theory enables. Each of the eight metatheories in this framework represents a unique perspective on human action; each is best suited for different action problems and none are sufficient to address the full range of problems facing humanity today. The synthetic understanding of human action enabled by this framework allows researchers and practitioners to determine which theory or theories may be most applicable for creating transformative change in a particular area. Sustainability solutions may be most effective when they combine insights from multiple metatheories. Nevertheless, most metatheories assume that many variables are static; this widespread assumption prevents the inclusion of feedbacks and interdependent relationships that are crucial to systems analysis and sustainability. The ‘Interdependent Metatheory’, which does account for these feedbacks, may thus be particularly important for understanding transformative change.",Systems,
TCA3_015,Table SM.3.15,Redesigning theories of change,"Addressing today’s polycrisis, the set of interacting global crises that include biodiversity loss and nature’s decline, climate change and inequality, demands significant system transformation, yet there is a risk that the idea of transformation becomes simply an ‘empty buzzword’(Vogel & O’Brien, 2022) because too little is understood about the processes or ‘how’ needed to accomplish transformative change (Bentz et al., 2022). Particular attention needs to be paid to the core values and principles,

mindsets including attitudes and beliefs and integrative approaches guiding significant transformative change, as well as the qualities, attributes and relationships among change stewards that motivate such change (Bentz et al., 2022; Wamsler, 2020).To date, however, rather than linking to the necessary and likely catalytic rather than direct action processes involved in accomplishing systemic change, most of the literature, which is both conceptual and empirical, currently emphasizes: 1) the different types of transition that have taken place, labelled quantum leap, convergent, emergent and gradual; 2) different transition pathways at different scales (multiple levels of analysis), including stability, four types of transition pathways (including, multilevel pathways, innovation strategies, diffusion of those innovations and acceleration to enhance niche innovations) and a sequential process and 3) overcoming a set of barriers to create enabling conditions for change (Fazey & Leicester, 2022). Initial stages of organizing for transformation include understanding the socio-ecological adaptive cycle (exploitation, conservation, release and reorganization) and providing different kinds of agency at the different phases of the cycle (Westley et al., 2013). It also means recognizing that there is still a significant need for fully process-based approaches that understand and implement processes that connect, cohere and amplify the work of change agents (Waddock, 2023) to go well beyond ‘blah blah blah’ (Bentz et al., 2022) to engage and achieve deliberate transformation.",Systems,
TCA3_016,Table SM.3.16,Value-centred leverage points to catalyze transformative change,"The framework focuses on values-centred leverage points to achieve transformative change towards more just and sustainable futures (Pascual et al., 2023). It emphasizes recognizing and addressing the diverse values associated with nature in order to drive meaningful change (IPBES, 2019b). The framework identifies four key 'values-centred leverage points' that work in synergy to catalyze transformative change. They range from short-term, easier to achieve actions (‘shallower leverage points’ namely undertaking valuation to recognize the values of nature; and embedding valuation in inclusive decision-making to meaningfully include the diverse values of nature in decision-making) to longer-term, harder to achieve efforts (‘deeper leverage points’ such as reforming policies, rights and regulations for institutions to embrace the diverse values of nature; and shifting societal norms and goals to mobilize sustainability-aligned values and shift developmental models; (IPBES, 2022). These leverage points are interdependent, whereby jointly activating them entails addressing feedbacks among them, adding them up (from shallow to deep) or cascading down (Pörtner et al., 2023). In summary, the framework emphasizes recognizing and integrating the diverse values of nature into decision-making processes, addressing institutional structures and societal norms and acknowledges the need for power dynamics to shift. It offers a comprehensive approach to driving transformative change for the benefit of both nature and society.",Systems,"inner, structure, empowerment"
TCA3_017,Table SM.3.17,Regenerative approaches,"Conceptualizations of regenerative discourse and praxis vary. A common theme is the need to move beyond sustainability, recognizing ecological damage and designing to produce mutual benefits across socio-technical and ecological systems (Mang & Reed, 2020). Building regenerative capacities is important, i.e., the ability of complex, interconnected, whole living systems to renew themselves. Humans participate as nature, not controlling it (Lyle, 1996; Reed, 2007; Wahl, 2016). Spirituality is infused in relations of

interbeing and interdependence (Wahl, 2016). Examples: permaculture - an ecological design system integrating human habitats and food production based on Indigenous Peoples’ knowledge (Mang & Reed, 2020), biophilic design, biomimicry and living buildings (Hes & Plessis, 2014). In agriculture, holistic land management frameworks (Allan Savory) and ongoing organic restoration of complex living systems based upon healthy soils (Robert Rodale) are important. Definitions include processes (e.g., reducing tillage) and/or outcomes (e.g., improved soil health, increased biodiversity) (Newton et al., 2020). In food systems, regenerative agriculture15 is a discursive alternative to industrial-productivist systems (Gordon et al., 2022). Agricultural work sits in nested, living systems, with the overall system having capacities to self-renew via continual learning and departures from industrial approaches to varying extents (Gordon et al., 2022), including wholesale shifts to food commoning (Duncan et al., 2020). In landscape design, regenerative principles and values are integrated into development and design frameworks and technologies (Gibbons et al., 2018). Regenerative cities create mutually enhancing relations with any natural systems that sustain them (Girardet, 2015) Regenerative businesses generate value for all stakeholders, while enhancing socio-ecological well-being and human potential (Sandford, 2020). Regenerative economy concepts propose a regenerative form of capitalism (Fullerton, 2015), operating within Earth boundaries (Raworth, 2017) and requiring business, governmental and civic cooperation for natural and social capital regeneration 15 (B. Caniglia, 2020).",Systems,"Knowledge co-creation, Inner transformation"
TCA3_018,Table SM.3.18,Karl Polanyi's “The Great Transformation”,"Transformation” In “The Great Transformation”, Karl Polanyi (Polanyi, 2001) argued that when an expanding “self-regulating” market (read as a laisser-faire capitalist) economy takes hold, land (nature), labour and money would become “fictitious commodities”, leading the separation of the economy from society and nature—in his parlance the “first movement”. Pushed to its extreme, this separation could not only ruin societal life but also destroy the entire ecological system. Polanyi distinguishes between regular markets, where goods and services are exchanged and the self-regulating market system, which treats inputs of production as if they were commodities. This institutionalization of land (nature), labour and money as commodities is seen by Polanyi as a defining characteristic of capitalism (Dale, 2016; Devine, 2019). To the extent that the economy becomes a separate and distinct sphere, it would transform all relational aspects into mere cost-and-benefit accounting (Madra & Adaman, 2014). As such, The Great Transformation, in addition to being a fascinating economic history book on capitalism, can equally be seen as a critic of neoliberalism17 avant la letter (Adaman, 2017).

Despite these consequences, Polanyi believes that the destruction he describes would never fully occur because the first movement would inevitably trigger a counter-movement of self-protection. This “double movement” would involve humanity re-establishing the integration of the economy into society and nature, thus regulating conditions favourable to market expansion. The tension between market logic and society’s efforts to protect itself from the outcomes of that logic will always exist; and as long as the economy remains detached, humanity cannot establish its dominance. Polanyi calls for a system where the market is no longer self-regulating, even in principle, as it would no longer encompass labour, land and money.",Structural,
TCA3_019,Table SM.3.19,Marxist theory,"Marxist theory is a theoretical framework for understanding modern capitalist societies and their historicity that builds on Karl Marx’s critique of the political economy of his time which he published in Das Kapital and his lifelong work. Marxist theory is concerned with understanding the exploitation of wage workers, value creation and with deciphering the dynamic of capital accumulation that is a motor of capitalist societies. Marxist theory today has been developed further and broadened, to incorporate e. g. feminism and gender issues (Federici, 2021), to account for racial inequality (Robinson, 2019) and to incorporate more clearly analyses of the metabolism between society and nature (Foster, 1999). While Marx has not specifically dealt with the problem of biodiversity loss and nature’s decline, the environment is present in his original work, especially in his concept of ecological crises that originate from a metabolic rift18 in pre-capitalist society-nature-metabolisms created by industrial capitalism. Political economic research is only just beginning to address the problem of biodiversity loss and nature’s decline and policies for protecting biodiversity from a political economic perspective (S. Ghosh, 2015). Yet, according to Marxist theory, the capitalist organization of the economy is a root cause of biodiversity loss and nature’s decline since capitalist profit making involves the production of environmental externalities (Saave, 2021), such as biodiversity loss and nature’s decline or global warming.",Structural,Empowerment
TCA3_020,Table SM.3.20,Rational choice theory,"Rational choice theory assumes that individuals are rational in their choices and actions. According to this theory, rational individual behaviour in markets and social choice processes includes the comparison of costs and benefits of taking an action such that individuals or societies try to receive the highest benefit at the least possible cost. Bounded by their preferences, individuals are assumed to act on their free will and consistently based on the premise of individual utility maximization and self-interest. The repercussions of the theory can be traced in organizational theory, game theory, Coase theorem, utilitarianism and so on.",Structures,Science & Technology
TCA3_021,Table SM.3.21,Institutional analysis,"Institutional analysis, rooted in new institutionalism, is a methodological approach that offers invaluable insights into comprehending and addressing natural resource governance issues (Cumming et al., 2020). This interdisciplinary field, primarily advanced by Elinor Ostrom and her colleagues, delves into the intricate web of rules, norms and shared strategies that mold human behaviours (Ostrom, 2009b). Central to institutional analysis is its challenge to the conventional wisdom that governance solutions can be solely derived from the State or market. The groundbreaking work of Elinor Ostrom and her collaborators revealed a richness in the diverse institutions that co-evolved to successfully govern common-pool resources. Moving beyond conventional approaches towards community-based and polycentric institutions have played a crucial role in fostering sustainable resource management practices and especially in shifting power towards local and/or historically marginalized communities (Nagendra & Ostrom, 2012). At the core of institutional analysis lies the Institutional Analysis and Development Framework, which serves as a cornerstone of this field. This framework provides a conceptual structure for comprehending the generation of rules, norms and shared strategies and how they exert influence over human decision-making within specific action arenas (Ostrom, 2009b). A pivotal concept within institutional analysis is polycentric governance, which encompasses a complex interplay of entities, including governments and non-governmental organizations, in the creation and maintenance of institutions (Morrison et al., 2023). Although sometimes employing a polycentric lens, empirical institutional literature infrequently considered multiple levels dimensions with the richest case studies focused on the community levels. Contemporary institutional biodiversity research has shifted to multi-level institutional analyses that focus on the local to international. This evolution provides a more holistic understanding of governance structures necessary to transform for the current biodiversity challenges. Institutional analysts' examination of rules, norms and shared strategies, alongside exploration of institutional change within multi-level and polycentric governance systems provides a foundation for understanding how to shape human behaviour and more sustainably govern biodiversity (Dietz et al., 2003).",Structural,"Knowlodge co-creation, Systems, Empowerment"
TCA3_022,Table SM.3.22,Ecological civilization,"Ecological civilization19 framework is a comprehensive and systematic regulation and ideological system that encourages coexistence between human and nature, among human beings and their relation to the society (Ma & Wei, 2021; Xue et al., 2023). Its root lies in ancient Chinese Taoist philosophy of the “Unity of Man and Nature”. It advocates the harmonious relationships between socioeconomic development and environmental protections, including biodiversity conservation (Ma & Wei, 2021). It evolves from philosophical and academic concepts to practical endeavours, especially after 2007 when it became the fundamental framework to build a moderately prosperous society in China (Xue et al., 2023). It manifests in various ways including developing environmental laws and policies, encouraging green technological innovations, protecting natural ecosystems and conserving biodiversity, as well as involving multiple stakeholders in decision-making (IPBES, 2019b; Ma & Wei, 2021). Under the umbrella of the framework, the ideas of “lucid waters and lush mountains are invaluable assets” and “mountains, rivers, forests, fields, lakes, grass and deserts are a community of life” are proposed to foster ecological civilization constructions (Geall & Ely, 2018).",Structural,"Systems, Science & Technology"
TCA3_023,Table SM.3.23,Governmentality,"Drawing on his observations of the change in statecraft in 18th-century Western Europe, Foucault redefines “government” as “a form of activity aiming to shape, guide, or affect the conduct of some person or persons,” i.e., “the conduct of conduct” (Burchell et al., 1991). He refers to the exercise of government as “governmentality”. Environmental social scientists have developed Foucault’s ideas of government and governmentality to understand the various ways through which pro-environmental behaviours are shaped. By combining governmentality with environmental governance–referred to as “environmentality”– Agrawal (2005) and others use governmentality to examine how technologies of government produce “environmental subjects” (Dressler, 2014; P. West, 2006). Critical political ecologists relate environmental governmentality with the neoliberalization of environmental regulation, developing the concepts of “green governmentality” (Rutherford, 2011) “neoliberal governmentality” (Fletcher, 2010). They argue that recent market-based environmental schemes such as payment for ecosystem services, ecotourism and carbon offsetting are designed to promote market-centred understandings of nature and consumption-based environmental behaviours.",Structural,Science & Technology
TCA3_024,Table SM.3.24,Degrowth and post-growth studies,"A sustainable society equitably meets everybody’s needs within the ecological limits of the planet. Economic growth (i.e., gross domestic product growth) has become a central goal and measure of success for societies around the world. However, economic growth has been driving biodiversity loss and nature’s decline and climate change, because all economic activity needs energy and materials and results in some amount of pollution. There is no evidence that economic growth can be sufficiently decoupled from environmental pressures. Furthermore, the last few decades of global economic growth has left the poor in poverty and made the rich richer. Thus, addressing today’s social and environmental crises implies fundamental changes to socio-economic systems, to equitably meet needs without economic growth. This entails re-orienting societal goals away from economic growth to material sufficiency. Communities that are currently overconsuming need to reduce their consumption so that deprived communities can increase their consumption to a level of sufficiency.

Degrowth scholarship and degrowth policy recommendations are diverse. However, there is a high level of consensus on the following aspects. Policies could shift from focusing on gross domestic product to focus instead on public health indicators (including ecological functioning). An increased sharing and swapping of existing resources can meet more needs with less impact. Production, consumption and work could decrease. Accordingly, businesses and markets would shift away from for-profit structures. For-profit markets tend to drive overconsumption, growth, inequality, market concentration and political capture, because their legal purpose is to enrich private owners. Instead, not-for-profit businesses and markets can complement community provisioning, because they treat profit only as a means to achieve social benefit. All of this can result in society’s limited resources (including the surplus) going to where they are needed most, rather than accumulating in the hands of the wealthy. This can increase the quality of life for most people within ecological limits.",Structural,Systems
TCA3_025,Table SM.3.25,Strengthening accountability frameworks,"Broadly understood, accountability entails giving an account of one’s actions or being answerable for one’s actions and behaviours (Bovens, 2007, 2010). Accountability is fundamentally a relational concept: one set of actors is accountable to another for adhering to an agreed standard of behaviour. This also implies a judgement about whether the standard of behaviour is being met and sanctions or penalties for non-adherence. Only when each of these elements are present can a relationship of accountability be said to exist. Thus, both the concept and actual practice of accountability can be

broken down into four elements: 1) a relational element, linking those who are held accountable to those who have the right to hold to account; 2) a normative element, that is, a standard of behavioural defined with sufficient precision; 3) a decision element, that is, a judgment by those holding others to account about whether an expected standard of behaviour has been met; and 4) a behavioural element that allows the account-holder to sanction non-adherence to the standard by those being held accountable. All four elements combined secure meaningful accountability of key actors, both public and private, in order to further desired sustainability transformations (Biermann & Gupta, 2011). Furthermore, transformative change entails that a diverse array of public and private actors need to be accountable to each other for their sustainability performance or non-performance. This need for accountability permeates all levels of sustainability governance, from the local to the global. It includes a need for accountability of public regulation and authorities, as well as novel types of private governance arrangements within and beyond the nation-State.",Structural,
TCA3_026,Table SM.3.26,Biodiversity policy integration,"Biodiversity policy integration (also referred to as ‘biodiversity mainstreaming’) refers to the incorporation of biodiversity considerations into policies, plans and practices of public and private actors in sectors that rely on and/or impact biodiversity, such as agriculture, forestry, fisheries, mining and spatial planning (Huntley, 2014). Biodiversity policy integration aims to avoid or at least mitigate trade-offs between biodiversity and sectoral objectives and to promote synergies (think of approaches such as eco-engineering, nature-based solutions, building with nature and agroecology (Persson et al., 2018).",Structural,
TCA3_027,Table SM.3.27,Transition management,"Transition management is a prescriptive model for governance for sustainable development based on complexity theory and the goal-oriented modulation of dynamics. It is oriented at changing (sectoral) systems of production and consumption, through “guided processes of variation and selection, the outcomes of which act as stepping stones for further change” (Kemp et al., 2007). The underlying premise is that “a better understanding of the dynamics of complex, adaptive systems provides insight into the opportunities, limitations and conditions under which it is possible to influence such systems” (Rotmans & Loorbach, 2009). Examples of system innovation are: an energy system based on renewable energy, low-carbon transport (motorized and non-motorized) and regenerative agriculture based on agroecology. Such changes involve the nurturing of alternatives and pressures on regime-actors. Transition management seeks to make “the future more clearly manifest in current decisions, by adopting longer time frames, explore alternative trajectories (….) in critical societal subsystems”; foster collaborative networks for particular innovations and experiments with novel practices and technologies and allow “a diversity of innovations (’variation’) and competition among different approaches ( ’selection’) to fulfill societal needs”(Meadowcroft, 2009). The model of transition management was used by the Dutch government for promoting low-carbon energy innovation for a number of years (Kemp, 2010), but criticized for being functionalist and technocratic (democracy deficit), making too little use of environmental assessment, paying too little attention to distributional consequences & justice and acknowledging the (conflict-ridden) politics of policy design (Voß et al., 2009).",Structural,"Science & technology, Systems"
TCA3_028,Table SM.3.28,Behavioural economics,"The standard neoclassical economics approach assumes a representative agent that is a selfish, perfectly informed and a rational utility maximize with stable preferences and a long-term perspective. The empirical evidence shows though that human choices are more complex than this (Kahneman, 2003). Behavioural economics involve three groups of deviations from the standard rational choice model: bounded rationality, bounded willpower and bounded self-interest. Bounded rationality implies that human problem-solving is constrained by limited cognitive abilities (Simon, 1955). There are four main implications of this. First, many human decisions are determined by how information is presented to us more than by the consequences of decisions (a so-called ""framing effect""). Second, individuals are more likely to take action to avoid a loss than to pursue a gain, leading to inaction and lost opportunities (so-called ""loss aversion""). Third, the judgment of a particular situation is heavily influenced by what first comes to mind rather than by a careful assessment of information, resulting in poor choices (so-called ""availability bias""). Finally, many choices are not a choice but automatic responses that do not resort to analytical capacity and could hence be damaging to the planet and humans. Bounded willpower refers to humans frequently failing to follow up on their commitments or failing to take commitments altogether. Humans fail to see the consequences of their actions (myopia of intertemporal choices). Another feature of bounded willpower is called cognitive dissonance, i.e., a mismatch between what people want and what they do. Procrastination regarding reducing your impact on the environment is a prime example. The third behavioural deviation is bounded self-interest. Evidence shows that individuals perceive themselves as herd animals, frequently willing to sacrifice themselves to help others, or capable of punishing those that act against the benefit of the group. Evidence shows that individuals have pro-social or others-regarding preferences. This is a potentially positive feature of social comparisons, but it can also be dangerous in those cases were herd behaviour leads to large environmental or social damages.",Structural,"Systems, Inner transformation"
TCA3_029,Table SM.3.29,International political economy,"Political economy approaches to transformative change seek to understand both the actors, interests and institutions which benefit from the status quo that might be resistant to change, as well openings for moving beyond it. Political economy is an umbrella term for a diversity of approaches which have in common the fact that they place questions of power and politics centrally in their analysis, moving beyond the narrower study of socio-technical transitions which describe narrower changes in the provision of key services around mobility, heating and cooling, food or potentially biodiversity conservation (Newell, 2021). Transformative change in political economy accounts looks to address the causes and drivers of the problem rather than how its symptoms are treated through governance reform or technological and market innovation. Applied to biodiversity and ecosystem services, the focus might be on the concentrated power of agrifood corporations and the impacts this has on land use and deforestation (Clapp & Fuchs, 2009), on the key drivers of production and consumption which are driving biodiversity loss and nature’s decline, which might be thought to lie in economic incentive structures, inequitable property rights and the lack of value given to people and environments: what some authors have called ‘cheap nature’ and ‘cheap labour’ (Patel & Moore, 2018). They are also attentive to longer-term historical processes of transformation which they look to for parallels and inspiration about what might be possible going forward (Newell & Simms, 2021; Perez, 2002). Though traditionally focused on economic structures and the relationship between States and markets (Strange, 1998), more recent political economy thinking has been brought to bear on debates in systems thinking about leverage, intervention and tipping points and promoted the idea of ecosystems of transformation to recognize both the plurality of approaches to generating change from individual to system change (Newell, 2021), as well as the interrelated nature of transformation processes led by States, markets,

technology and citizens (Scoones et al., 2015). This is helpful in creating ripple and multiplier effects where, for example, shifts in finance can trigger change in corporate behaviour and allow States to raise their level of ambition around biodiversity and ecosystem protection.",Structural,"Systems, Empowerment"
TCA3_030,Table SM.3.30,Transformative governance,"Transformative governance approaches deal with the governance of transformative change, or how fundamental, system-wide reorganization across technological, economic and social factors for sustainable development can be governed, or facilitated by governance. Transformative governance represents a recently developed approach. However, it builds on extensive scholarship from fields such as environmental governance and sustainability transformations. In the conceptualization of IPBES of (2019a) and Visseren-Hamakers et al. (2021), transformative governance combines the following four approaches to governance: 1) Integrative approaches focus on the relationships between sectors and policies and ensure policy coherence and effectiveness, 2) Inclusive approaches, including rights-based ones, reflect a plurality of values and thus promote equity, 3) Informed governance entails new strategies for knowledge production and coproduction that are inclusive of diverse values and knowledge systems, 4) Adaptive approaches— including learning, monitoring and feedback loops—help coping with inevitable uncertainties and complexities (IPBES, 2019a). The approach attempts to facilitate transformative change by the employment of such transformative governance approaches. It can also be conceptualized as an approach for governing transformative change, or for transforming governance in order to realize transformative change.",Structural,"Knowledge co-creation, Empowerment"
TCA3_031,Table SM.3.31,Environmental State and the green State,"There is a plurality of approaches in environmental politics, including but not limited to liberal institutionalist accounts of environmental cooperation, international environmental regimes; and environmental governance. Theories of environmental State and the green State are one important set of approaches that gained considerable attention in recent years, emphasizing the role of the State in the politics of environmental protection. This came as a response to the approaches that prioritize non-State actors, mechanisms and networks in addressing environmental problems, with the aim to ‘bring the State back in’ as “the more traditional object of political inquiry” (Duit et al., 2016). Environmental State is defined as: “a State that possesses a significant set of institutions and practices dedicated to the management of the environment and societal–environmental interactions” (Duit et al., 2016). This conceptualization is largely based on empirical observation. On the other hand, theory of the green State is different in that it is a normative approach that aims to elaborate the “constitutional structures of a green democratic State that might be more amenable to protecting nature than the liberal democratic State” (Eckersley, 2004). The environmental State is a viewed as a partial transformation (from the welfare State) of the ways in which State exercises its authority (Duit et al., 2016). Recently, the term “glass ceiling of environmental transformation” (Hausknost, 2020) have been introduced referring to the structural limits that the environmental State faces in fostering transformation.",Structural,"Science and technology, Systems"
TCA3_032,Table SM.3.32,Structuration theory,"Structuration theory, first outlined by sociologist Anthony Giddens, explains how social systems are created and reproduced through a synthesis of structure and agency without giving primacy to one of them. Instead, they are mutually constitutive – what Giddens terms the “duality of structure.” The structures are not stable. While they can restrict the possible action alternatives, they provide means and forms by which actors can take action and, consequently, possibly transform the structure itself. According to structuration theory, societies are made up of a collective of individuals whose interactions are structured by persistent patterns of rules and resources. These structures are upheld by institutions, norms, power relations and cultural contexts that shape and constrain individuals’ actions. Conversely, through their actions actors reproduce but also potentially also challenge the structures. Giddens emphasizes the importance of reflexivity for structural change, that is the ability to reflect critically on one's actions in relation to societal structures.",Structural,"Systems, Inner transformation, Empowerment"
TCA3_033,Table SM.3.33,Social practice theory,Social practice theory explains society and culture emerge as a result of structure and individual agency. It addresses the dualism of agency and structure by proposing that ‘practice’ is the primary organizing concept of social life and thus a way how societal transformations can occur despite deep seated structures.,Structural,"Systems, Inner transformation, Empowerment"
TCA3_034,Table SM.3.34,Actor network theory,"Actor-networks are the web of associations that constitute entities and relations between human and nonhuman elements such as bodies, groups, ecologies, that maintain them together with the capacity to act (Blok et al., 2020). The concept of association is crucial for actor-network theory, since it indicates the capacity of actors to link between each other and form networks (Sismondo, 2009). In that way, associations are a type of connection able to maintain together and create new relations between elements as diverse as humans, microbes, regulations, animals, viruses and more (Latour, 2005). This theory is characterized by its sensibility towards relationality, heterogeneity and materiality. Regarding relationality, actor-network theory argues that no entity exists outside a web of relations, so it is a network and its internal relations that shape different entities within it and the network itself (Law, 2008). About heterogeneity, actor network theory states the importance of symmetry with the assumption that in principle human and nonhumans could have the capacity to become actors once they are associated within a network (Latour, 2005). In its material sensibility, actor network theory emphasizes the need to attend to materials, devices, artefacts and other objects that shape the social world and its networks (Blok et al., 2020; Farías & Bender, 2009). This means that actor-networks could not be understood without the materials and components that allow networks to sustain action. Given its anti-essentialism and non-foundational style, actor network theory is a robust theory to understand how transformative change occurs, since this approach is concerned with the material associations through which different kind of actors are brought together to work together and change the ways in which they act (Callon & Law, 1995). For this reason, actor network theory can be a toolkit to follow the often-overseen chains of associations that produce transformative change, which could take us to surprising places such as mountains, laboratories, scientific texts, social movement meetings, satellites and more.",Structural,"Systems, Empowerment"
TCA3_035,Table SM.3.35,Inner transformation,"Inner transformation for sustainability is an emergent field of research, education and practice (Ives et al., 2023). The aim is to support integrative approaches that link inner and outer dimensions of transformation across sectors and levels to, consequently, enhance individual, collective and planetary well-being, regeneration and flourishing (Ives et al., 2023; Wamsler et al., 2021). Inner dimensions are defined as individual and collective mindsets, beliefs, values, worldviews and associated inner capacities/qualities (cognitive, emotional, relational). The concept recognizes that inner and outer dimensions are never separate, but are co-created (Ives et al., 2023; Wamsler et al., 2021). On this basis, inner transformation involves changes in the sphere of human inner dimensions and refers to all kinds of actions at individual, collective and system levels that support integrative changes in views, structures and practices, which address the impacts, drivers and causes of today’s polycrisis, including biodiversity loss and nature’s decline (Ives et al., 2023; Wamsler et al., 2021). The field of inner transformation addresses unsustainable narratives and paradigms of separation (alienation from self, others, nature) that underlie today’s polycrisis. They are an integral element of modern life forms and they are reflected in modern societies’ culture, the institutional and political landscape and associated power structures (Ives et al., 2023; Walsh et al., 2021; Wamsler et al., 2021; Wamsler & Bristow, 2022; S. West et al., 2020). Inner transformation is thus about enabling intra- and inter-generational, human- and non-human relationships and ways of connecting to self, others and the world in ways that support integrative action-taking across sectors and scales (Ives et al., 2023). Related research, practice and education recognize: i) the interdependence of inner and outer phenomena across individual, collective and system levels (and associated views, practices and structures); ii) the potential that is latent within every human to enable transformative change; iii) the need to address inner dimensions across all levels; iv) the possibility to generate inner, transformative capacities/qualities 24 through intentional practices; and v) the need to include diverse perspectives and expand associated knowledge systems (including Indigenous and local) for sustainability (Ives et al., 2023; Wamsler et al., 2021). Related key theories and conceptualizations include the IMAGINE framework, integral theory, the three spheres of transformation, the inner-outer transformation model, clusters of transformative capacities/qualities, the mind-sustainability nexus and the framework for contemplative scientific inquiry, practice and education (Ives et al., 2020, 2023; Wamsler et al., 2021, 2022).","Inner transformation, Empowerment",Structural
TCA3_036,Table SM.3.36,Pathways to nature connectedness,"The pathways to nature connectedness (Lumber et al., 2017) provide a typology of activities that provide a framework for improving the human–nature relationship through targeting nature connectedness, an internationally recognized psychological construct that captures how an individual thinks about nature, their affective relationship with nature and the extent to which they see themselves as part of nature (Mayer & Frantz, 2004). The pathways have a theoretical basis in Kellert’s (1993) nine values of biophilia. Through ascertaining engagement with and perceived importance of each of the nine values, five types of activity associated with nature connectedness were identified. These were contact through the senses, emotional engagement, noticing nature’s beauty, finding meaning in nature and acting with compassion towards nature. The pathways can be used to inform the design of new initiatives to improve human-nature relationships or used as a lens to review existing initiatives. The pathways framework encourages specific types of active engagement, moving away from traditional human-nature relationships of utility, control and knowledge that have dominated the human relationship with the rest of the natural world and thus contributed to a failing relationship with nature and the environmental crises.",Inner transformation,Systems
TCA3_037,Table SM.3.37,Relationality,"Relationality is a broad field of diverse origins, including the thoughts of a Greek philosopher, Heraclitus, who stated that ‘everything flows’, emphasizing the interconnectedness and constant change or perpetual flux of the world. Other key thinkers include Heidegger, Merleau-Ponty and North Whitehead (S. West et al., 2019). More than a specific theory, relationality represents a path-breaking ontological turn across many fields of social sciences and humanities. Conceptualizations vary. For some, relational thinking may be complementary to sustainability sciences (S. West et al., 2019), for others the implications are more far-reaching (Escobar, 2016). Walsh et al. (2021) find common commitments to a ‘paradigm that i) is grounded in a relational ontology, ii) emphasizes the need for understanding human and non-human nature as mutually constitutive and iii) values more-than-human relations.’ A relational ontology challenges common assumptions about what constitutes reality, seeking to overcome longstanding rigid dichotomies between nature and culture, mind and matter, subject and object, which shape modern worldviews. Diverse knowledge systems are not premised on such divides (Walsh et al., 2021), emphasizing the process nature of life i.e., that the ‘world exists in a perpetual state of ‘becoming’, comprising continually unfolding relations (S. West et al., 2019). If humans are ‘fundamentally in the material world’, rather than prioritizing interior mental cognition (Wagenaar and Cook (2011) cited by West et al., (2019)) by humans, diverse aspects of experience, including embodied experiences and the ‘capacity to affect and be affected’ (Deleuze et al., 1987) can be recognized, including by non-human agents. Further, rather than reflecting the world, language and concepts in relationality, actively shape it, with Indo-European languages evolving within substantialist paradigms which reduce processes to static conditions (Elias (1978) cited by West et al, (2019)). Relational ontologies recognize continuities between actors and actants (Latour, 2005). Such assemblages of the ‘more-than-human’ include human and non-human (physical forces and phenomena such as the wind or fire, material objects and things, living beings, spiritual entities, technologies (Blaser, 2014; Puig de la Bellacasa, 2017) all of which are entangled (Barad, 2007) in complex networks (Latour, 2005). Relational philosophies include many Indigenous and African cosmologies, Shintoism etc., and are flourishing within academic philosophy and in the space-time materialities of quantum physics. While entities seem relatively stable to us (DeLanda, 2006), they are ‘already constituted by movement’ (Ingold (2011) cited by West (2019)) in a departure from both modernist, mechanistic perspectives and socio-ecological systems thinking (S. West et al., 2019). In other words, any being, entity or body is conceived as ‘fundamentally constituted by relations of all kinds’(Walsh et al., 2021). In epistemologies or ‘how we come to know the world’ (Walsh et al., 2021), as in quantum physics, the observer shapes what it observes (Barad, 2007). Following Deleuze et al. (1987) on agency, it is defined not as ‘cognitive-reflective’ abilities alone, but the ’capacity to affect and be affected’, agency is not solely about what humans do (Whatmore, 2002), but is distributed within relational networks, assemblages and configurations (Latour (2005) cited by West et al, (2019)). Transdisciplinary methods support the traversing of disciplinary boundaries, with nature being produced in situated contexts (Haraway, 1988), i.e. knowledge is always shaped by the specific social, cultural and historical contexts, with no objective, universal, neutral perspectives from which knowledge can be produced (S. West et al., 2019).

Relational ethics move beyond anthropocentrism and the valuation of nature based on instrumental values and explore how power inequalities and dynamics are infused within all assemblages of interest, including human-nature interactions (Walsh et al., 2021), towards an ethics of care (Puig de la Bellacasa, 2017).",Inner transformation,Knowledge co-creation
TCA3_038,Table SM.3.38,Regenerative dialogues for sustainable futures,"Modern humans excel in practices of forecasting and foresight. However, this capacity does not necessarily result in transformative action. Projections and scenario building exercises no longer foresee business-as-usual greenhouse gas emission as an option (Stocker et al., 2013), but society breaks emission records every year and climate-related disasters intensify. Science also projected in 2012 that places with high biodiversity, large human populations, poverty and environmental degradation where prone to epidemic or pandemic outbreaks of zoonotic diseases (Morse et al., 2012). Nevertheless, society did not act in anticipation to covid-19 pandemic. In other words, modern society forecasts, foresees, but does not often take anticipatory action. It is almost as if modern society does not feel the problems coming, or as if it senses that – at most – it is going to watch them happen on television or the internet. Until they happen. Since, anticipatory behaviour is about making decisions in the present based on assumptions about the future, it can be argued that the anticipatory system of modern society is impaired. Thus, it needs to regenerate. The argument is that modernity25 fractured the whole into modules. Sustainability, in its broadest sense of planetary well-being, will implies that ongoing dialogues are expanded to include both non-modern worldviews (e.g., Indigenous and local knowledge; postmodern views) and non-scientific forms of interpretation of reality (e.g., arts, philosophy, religions). This comprehensive and inclusive conversation can regenerate the fractures that have ruptured the connections between the “three ecologies” – of self, social and environment – and reintegrate humans to the world, to nature as wholeness (Scarano, 2024).",Inner transformation,"Knowledge co-creation, Systems"
TCA3_039,Table SM.3.39,SHIFT,"SHIFT is a framework that integrates various factors that influence individual behaviour change (White et al., 2019). The focus of the framework is on explaining the attitude-behaviour gap observed when individuals fail to change despite their willingness to do so. SHIFT is an acronym that stands for Social influence, Habit formation, Individual self, Feelings and cognition and Tangibility as factors that contribute to behaviour change. The framework can be seen as an extension of the theory of planned behaviour (Ajzen, 1985), one of the most fundamental theories in behavioural science. The five SHIFT factors exploit the frequently observed lack of connection between people's intentions and behaviour. Social influence includes the influence of social norms and identity. Habit formation describes the factors that initiate long-term behaviour change, not just momentary behaviour change. Individual self describes factors such as self-efficacy and self-consistency, which are relevant for promoting motivation to change and ultimately bring about change. Feelings describe emotional factors that contribute to promoting change. And finally, tangibility refers to the importance of making the goals and outcomes immediate and proximal to the individual.",Inner transformation,Knowledge co-creation
TCA3_040,Table SM.3.40,Transformative learning for social-ecological sustainability,"Transformative learning (Mezirow, 2000) constitutes learning that affects your whole being and your being in the world. Sometimes it is referred to as ‘deep learning’ and learning that impacts one’s inner development as it affects one’s values, convictions, assumptions, frames and ways of viewing oneself (identity) and the world of which one is a part (O’Sullivan, 1999). Often a disruption or discontinuity in one’s thinking is needed to create space for a new way of thinking. Transformative learning can be triggered by being exposed to alternative perspectives, dissonance, discomfort and disorienting dilemma’s. Some scholar connect transformative learning with transgressive learning to emphasize that fundamental change involves going against the grain, questioning the normal and learning from the resulting resistance (Kulundu-Bolus, 2020). Interaction with others through forms of dialogue and debate, as well as self-reflection are critical aspects of transformative learning (Lysaker & Furuness, 2011). Typically, transformative learning implies transformation at the individual level, it does not necessarily imply societal transformation. However, within transition movements involving a wide range of people, groups and networks, transformative learning is often viewed as an essential component of learning for and in transitions as such transitions do require a deep commitment and alignment of underlying shared values and principles (Van Mierlo et al., 2020).",Inner,"Empowerment, Knowledge co- creation"
TCA3_041,Table SM.3.41,Relational values and relationality,"Relational values as a values category has a recent history in the environmental values literature and was popularized with the publication by Chan et al. (2016), also outlined in Jax et al. and Muraca (2013; 2011) or Chan et al. (2018). Based on a recent systematic review, Himes et al. (2024) propose the following meaning of relational values: “values of meaningful and often reciprocal human relationships—beyond

means to an end—with nature and among people through nature, where nature is often specified as a particular landscape, place, species, forest, etc.” Relationality can be seen as an umbrella term for ways of understanding and studying human-nature relations in a non-dichotomous way (S. West et al., 2020). This includes both by drawing on Indigenous knowledge systems (Ingold, 2006) and ideas from ideas within philosophy such as process philosophy (Whitehead, 1978). It is important to emphasize that even though the two are strongly associated, relational values and relationality are different concepts. Relationality is broader and can be associated with different knowledge systems or worldviews rather than understood as a values category (S. West et al., 2020). The ways in which relational values are assessed methodologically does not automatically align with relationality seen as a worldview, knowledge system or epistemological approach (Stålhammar & Thorén, 2019). The concept of relational values can be operationalized and seen on a spectrum of different interpretations of relationality, where some interpretations calls for a re-evaluation of how to think about human-nature relations and a call to go beyond Cartesian dualisms and subject-object dualisms (Muraca, 2011).",Inner transformation,Knowledge co-creation
TCA3_042,Table SM.3.42,Political ecology,"Political ecology combines the concerns of ecology and a broadly defined political economy (Blaikie et al., 1988). Political ecology approaches social-ecological change through the lens of metabolic production whereby societies constantly metabolize nature, producing new socionatures

(Swyngedouw, 2004)27. Society and nature are not considered antithetical entities but are intertwined in a relational perspective. A central analytical focus of political ecological research is how uneven power relationships manifest in uneven distributions of the costs and benefits of social-ecological change across social groups, class, race, gender, or region (Martinez-Alier, 2003). These uneven power relationships, together with a growing metabolism under capitalism, are considered to create ecological distribution conflicts (Scheidel et al., 2018). Such conflicts arise when environmental damage affects communities, who mobilize to either prevent it or to recoup the losses stemming from it. Ecological distribution conflicts are studied as symptoms of an unsustainable development model and as proof of the existence of conflicting visions around what constitutes a good life (Scheidel et al., 2018).This relates to another crucial theoretical and analytical standpoint of political ecology, namely that in any society there is an irreducible antagonism for alternative futures and forms of power distribution (Mouffe, 2005). This insight is encapsulated in the adjective political, which stands in contrast to apolitical ecologies that attribute environmental problems to a range of causes - biophysical or social -beyond the realm of collective choice. Political ecology thus aspires to politicize public debates and choices about desired socionatures and the necessary transformative changes to produce them.",Empowerment,Structural
TCA3_043,Table SM.3.43,Transformative spaces,"Transformative spaces are social processes that aim to bring about transformative changes towards sustainability. These spaces are created through transdisciplinary and action-oriented approaches that entail co-production focusing on participants' interactions to promote desired changes. As these deliberate endeavours aim to create conditions for change towards more sustainable pathways (in terms of legitimate, just, inclusive and democratic), it is essential to understand how such interventions may enable transformative change (Chambers et al., 2022). Transformative spaces are safe-enough collaborative settings where change agents working in transformation can experiment with new notions, framings and practices that might help in shifting social-ecological systems onto alternative pathways (Pereira, Drimie, et al., 2020). These processes actively seek to bring into dialogue different actors, with their own experiences, expertise and affections regarding a social-ecological problem or challenge (Drimie et al., 2018). Transformative spaces also enable reflection and reflexive learning, while reframing issues in ways that allow solutions to be co-created and co-implemented (Pereira, Drimie, et al., 2020). For this to be achieved, several transformative spaces seek a configuration of actors that is not diverse in terms of sectors, but diverse in terms of the participants’ experiences. Such diversity might enable, together with a safe-enough atmosphere that is attentive to power asymmetries, to challenge the status quo if collectively perceived as unjust or not sustainable. Transformative spaces take different formats and are informed by distinct rationales because they are context-dependent (Asenbaum & Hanusch, 2021). Some of these have been inspired by the notion of ‘laboratory’, as a space for collaborative experimentation aimed at tackling complex social and environmental challenges (e.g., transition labs, change labs, social innovation labs). In particular, the transformation laboratories (T-Lab) approach has as its main goal to co-create a space where participants can test multiple solutions or strategies for change, which together could address a social-ecological challenge.","Empowerment, Knowledge co-creation","Structural, Inner transformation"
TCA3_044,Table SM.3.44,Three spheres of transformation,"Transformations to an equitable and sustainable world occurs through simultaneous and interrelated changes in form, structure and meaning-making. These three interconnected dimensions constitute the three spheres of transformation, referred to as the practical, political and personal spheres (O’Brien, 2018).

The practical sphere focuses on actions and interventions that contribute directly to measurable outcomes and tends to emphasize technical and behavioural approaches to change that are aligned with objectives and goals, such as the 23 targets of the Kunming-Montreal Global Biodiversity Framework.

The political sphere refers to the structures and systems that influence or govern how society is organized. This includes the social and cultural norms, rules, regulations and institutions that reflect the values that are prioritized and the goals that are pursued. They also influence how solutions are negotiated, decided and implemented and by whom, recognizing conflicting interests, power differences and the impact of social movements.

The personal sphere refers to individual and shared beliefs, values, worldviews and paradigms that influence how people perceive, define, or constitute systems and structures and how they relate to each other and to nature. The description of the three spheres as separate distinguishes the different dimensions, but in reality they are always integrated.

Transformative potential is seldom realized when attention to any single sphere is ignored. For example, a focus on the practical sphere alone often overlooks the social, cultural and political dimensions of change in the political sphere, such as power dynamics within economic, political and socio-ecological systems and the diversity of beliefs, values and worldviews in the personal sphere that influence these dynamics (O’Brien & Sygna, 2013).

By addressing the three spheres simultaneously, actors can identify the practical outcomes that are desired, the political barriers to transformation and opportunities to collaborate and strategically design and develop strategies to overcome them by connecting with the personal sphere. The three spheres of transformation focus on developing processes and patterns that shift systems and cultures across scales, recognizing the power and potential of individuals and groups to contribute to change across multiple spheres of influence.",Empowerment,"Structural, Systems, Inner"
TCA3_045,Table SM.3.45,Praxis,"The concept of praxis has a rich theoretical tradition in theories of social change. It challenges the duality between theory and practice or knowing and doing (Kilminster, 1977) and underlines that change occurs through ongoing dialectics between knowledge and practice. In the Marxist and Hegelian traditions, praxis included three main components: 1) actors’ critical consciousness; 2) actors’ mobilization; and 3) actors’ collective and multilateral action to reconstruct those social arrangements and themselves (Bernstein, 1971). Praxis challenges the idea that all change is predetermined by structural forces and emphasises that change is mutually constituted by the interplay of structure and agency as also elucidated in structuration theory, which unpacks how social order is produced, reproduced or subverted (Giddens, 1984). Freire (2000), however, takes an emancipatory understanding of praxis and links it to self-conscious social actions. Thus, praxis is an embedded, reflexive and engaged process of change aimed towards the transformation of the self and the wider social and institutional arrangements, in an attempt to reconfigure the dominant development trajectory (Mehta et al., 2021; O’Brien & Sygna, 2013; Seo & Creed, 2002). The individual is a partially autonomous actor imbued with an agency to change (through contestations, alliance building, etc.) but also constrained by structural forces that prevent action/maintain the status quo. Human praxis presupposes a change in social arrangement or their reconstruction through the agency of individuals. It mediates between social contradictions (produced as an outcome of development processes) which can potentially play a fundamental role in driving change (Seo & Creed, 2002). Key to transformative praxis is a better understanding of how the agency can be strengthened to bring about structural alterations and consequently inform wider societal changes. In this respect, it can be explored as the capability to change (Sen, 2001) linked to values of justice and equity.",Empowerment,"Knowledge co-creation, Inner, Structural"
TCA3_046,Table SM.3.46,Environmental history: Environmentalism of the poors and environmental coloniality,"Environmental history has the potential to transform the understanding of the human past. By focusing on the impact of human activity on the biosphere, the environmental perspective not only opens new topics of investigation but also changes the understanding of the emergence of the modern world (E. Burke & Pomeranz, 2009). The environmentalism of the poors arises from social conflicts over environmental rights or titles because of the risks of pollution and the loss of access to natural resources and environmental services (Martinez-Alier, 2003). Environmental coloniality28 helps explain injustice through history (Carney, 2011; Ferdinand, 2019; Grove, 1996). Environmental history allows to understand past environmental cultures and old, new and hybrid environmental knowledges. The transmission, memory and environmental oblivion of each culture can, thanks to history, be recovered as a powerful socio-cultural driver.",Empowerment,Structural
TCA3_047,Table SM.3.47,Fractal agency,"Fractal agency, a concept proposed by O'Brien et al.(2023), is an integrative and empowering approach to scaling transformations to sustainability that emphasizes the inter- and intra-connectedness of individual and collective actions within complex systems. A fractal approach focuses on generating patterns based on values that apply to all, such as equity and dignity. It acknowledges that addressing complex challenges like biodiversity loss and nature’s decline and climate change implies aligning and leveraging agency across multiple levels and scales, from the micro to the macro. Fractal agency can be understood as both a quality and a capacity that allows individuals, regardless of their position, educational background, role, experience, or formal authority, to generate new patterns (Sharma, 2017). A fractal approach can be tailored to specific contexts, while still being strategically aligned to transform relationships and systems that are inequitable or unsustainable. Fractal agency proposes that thoughts, decisions and actions based on oneness can generate entangled patterns that replicate across scales (O’Brien, 2021). By recognizing that values expressed through actions at all levels can have ripple effects throughout a system, fractal agency encourages the empowerment of diverse stakeholders to contribute to sustainability solutions while also ensuring accountability and responsibility.",Empowerment,Inner transformation
TCA3_048,Table SM.3.48,Everyday resistance,"The term resistance is used to describe oppositional acts that can be organized and loud, such as protest or demonstrations, as well as more quiet forms, such as foot-dragging, feigned ignorance, or sabotage (Baaz & Lilja, 2017; Johansson & Vinthagen, 2016). While political scientists interested in social change have shown the links between organized resistance and social transformations, less attention has been given to the more ordinary and quiet forms of resistance used by groups in vulnerable situations that lack the time and possibilities to engage in social movements or revolutions (J. C. Scott, 1987). Thus, the term everyday resistance has been used to describe oppositional acts that “require little or no coordination or planning; they make use of implicit understandings and informal networks; they often represent a form of individual self-help; they typically avoid any direct, symbolic confrontation with authority” (J. C. Scott, 1987). In Scott’s view, everyday forms of resistance are the ordinary means for marginalized groups to have a political voice (J. C. Scott, 1987). A resistance lens can help us to uncover bottom-up social needs and aspirations that can determine the possibilities for fair transformations (Falla et al., 2024). According to Bayat, resistance has a transformative power when groups in vulnerable situations use it to make advances on the powerful to survive and improve their lives, what he calls “quiet encroachment of the ordinary” (Bayat, 2000). However, Falla in line with

Scott argues that acts of resistance, even when they do not result in large social transformations, have an important value to assert the agency and freedom of marginalized groups (Falla et al., 2024; Vargas & Urinboyev, 2015).",Empowerment,Structural
TCA3_049,Table SM.3.49,Feminist political ecology,"Feminist political ecology is a diverse literature, grounded in feminist theories of power and inequality, that shows how social and environmental change emerge from histories of colonial capitalist exploitation and their on-going legacies (Mollett & Faria, 2018). It is distinguished from other socio-environmental theories by its attention to how power operates in the everyday, through subjectivities and scales, creating social and geopolitical inequalities based on gender, race, class, caste, ability and other embodied differences (Mollett & Faria, 2018; Sultana, 2021). Power is not simply ‘power over’ but also ‘power to’ and ‘power for’. Feminist political ecology shows how subjectivities shape uneven exposure to environmental hazards (Di Chiro, 2021; Gergan, 2020; Lyons, 2023), access to, distribution of and control over resources and knowledge of environmental change (Harcourt & Nelson, 2015; Sultana, 2021). Feminist political ecology is most often grounded in performative and emergent ontologies, meaning that relations are never fixed, rather individuals are subjected in multiple ways that change over time, scale and space (Mollett & Faria, 2018). Research attention is thus placed on the conflicts, cooperation, spaces and temporalities through which societies and environments co-evolve. Some feminist political ecology theorists have shown how environments (or non-humans), entangle with power to shape subjectivities , meaning that some people have, for example, greater affective relations with plants and other species (Durand & Sundberg, 2022), environmental destruction shows up in terrestrial and embodied forms (Gergan, 2020; Harcourt & Nelson, 2015; Lyons, 2023) and affective relations are vital to how people cooperate over their environments (González-Hidalgo & Zografos, 2020; Nightingale et al., 2022). These insights have been combined with anti- and de-colonial approaches to environmental change which argue that it is not just humans that impact the environment, but rather that environments are also agents of change, reshaping subjectivities and understandings of environment , bringing species and human communities into particular relations with petrol capitalism (Lyons, 2023), hydropower (Gergan, 2020), climate change (Nightingale et al., 2022) and plants (Durand & Sundberg, 2022). These relations change the geopolitics of hydropower in South Asia (Gergan, 2020), botany knowledge production and conservation in Chiapas, Mexico (Durand & Sundberg, 2022), or how oil companies are held to account when territories are allowed to speak in courtrooms as the case of transitional justice in Colombia (Lyons, 2023).This kind of theoretical move is thus not simply about decentring humans as agents of change and transformation, but a more radical insistence on how human actions have affective consequences for people, other species and territories, wherein local actions spill over to affect wider territories and geopolitics (Di Chiro, 2021; Durand & Sundberg, 2022; Gergan, 2020; Harcourt & Nelson, 2015; Lyons, 2023; Mollett & Faria, 2018; Sultana, 2021).","Empowerment, Inner transformation",Knowledge co-creation
TCA3_050,Table SM.3.50,Decolonial feminisms and ecofeminisms,"Decolonial ecofeminisms focus on the intersection of environmental issues, feminism and decolonization efforts. They also include non-essentialist (Mies & Shiva, 2004) and ‘survivalist’ feminisms (Svampa, 2015). They form a movement to defend territories that ""is born out of obligation and not by choice"" (Svampa, 2015). Decolonial ecofeminisms draw on decolonial theory, decolonial environmental justice, political ecology and degrowth theories to critique and resist the impacts of colonization on nature and people. In line with critical currents of political ecology and environmental justice, they aim to redistribute power, highlighting counter-hegemonic projects with a focus on transformation (Curiel Pichardo, 2007; Espinosa Miñoso, 2016). Such projects have an anti-essentialist approach; that is, they question the naturalisation of the links between white men and culture and between Indigenous Peoples and women and nature. While the protection of territory arises from the close relationship of communities with these, it is also a product of ontological resistance to patriarchy29 and colonialism (Sanchez De Jaegher, 2020).",Empowerment,"Knowledge co-creation, Inner transformation"
TCA3_051,Table SM.3.51,Three horizons,"Three horizons is a framework and practice for exploring the future and change, from the established patterns of activity of the first horizon, to new patterns in the third, through transitional activities in the second (Curry & Hodgson, 2008; Sharpe et al., 2016). The central idea of three horizons is that it draws attention to the three horizons as existing always in the present moment and that there is evidence about the future in how people (including ourselves) are behaving now. The outcome of three horizons work is a map of transformative potential which enables a group to act with more skill, freedom and creativity in the present, both individually and together. The first horizon – H1 is the dominant system at present. It represents ‘business-as-usual’. These systems are relied on as being stable and reliable, but as the world changes, aspects of business-as-usual begin to feel out of place or no longer fit for purpose. Eventually, business-as-usual will always be superseded by new patterns of activity. The third horizon – H3 emerges as the long-term successor to business-as-usual. It grows from fringe activity in the present that introduces completely new ways of doing. The second horizon – H2 is a pattern of transition activities and innovations, people trying things out in response to the ways in which the landscape is changing. Some of these will be sustaining innovations and will be absorbed into the H1 systems to improve them and prolong their life, while some will be transformative and pave the way for the emergence of the radically different H3 systems.",Knowledge co-creation,"Systems, Empowerment"
TCA3_052,Table SM.3.52,Ethnoecology,"Ethnoecology is the discipline that studies the dynamic relationships between humans and their material and immaterial space, by examining how space is perceived by humans (local knowledge) and how humans, according to their ontologies, live their landscapes by transforming and using their natural resources (practices) inspired from (Ellen, 2006). The term ""live"" includes using, managing, transforming and thinking about natural entities, places and spaces on a technical, material and symbolic level, in other words, taking into account all cognitive dimensions; material and immaterial cultures are therefore jointly called upon in ethnoecology. Each human group develops its own unique way of seeing and interacting with the world. The aim of ethnoecology is to show this diversity of singularities and in particular the wealth of links, care, attachments - in short, the commitments of

humans to non-humans and vice versa. These relationships are not only ethical or spiritual, but also physical. Ethnoecology is as interested in the complexity of the human world as it is in that of non-humans or the supranatural; the landscape scale is thus summoned (Hunn & Selam, 1990; Johnson & Davidson-Hunt, 2011). Using a mix of qualitative and quantitative approaches, ethnoecologists are able to probe and analyze local ontologies from a holistic, emic (""from within"") perspective and make them comprehensible to the bearers of other ontologies. Ethnoecology is a discipline based on field observations; ideas and inspirations come from the humans and non-humans encountered. Thus, to understand the processes, relationships, forms of organization and thought of a given social group, it is more important to observe than to investigate with (and not about) the social groups under consideration. It is a way of relating to the subject and the field work a biocultural approach. This type of approach makes it possible to encompass both the biological and cultural aspects of a system and to deal with complex relationships and feedbacks between human and ecological systems (Caillon et al., 2017; Gavin et al., 2015). Ethnoecology is a holistic science of interactions and processes between humans and non-humans.",Knowledge co-creation,"Inner, Empowerment"
TCA3_053,Table SM.3.53,Transformative sustainability science,"Change towards sustainability needs to be transformative and bring about structural, systemic and enabling changes in the way societies are organized and governed (Scoones et al., 2020). Transformative change involves stewarding complex social, cultural, ecological, economic, institutional and technological systems towards more desirable configurations as well as to foster human agency and those capacities necessary to create change (G. Caniglia et al., 2020). Transformative processes simultaneously involve and engage with the practical, political and personal spheres (O’Brien, 2012). The driving and motivating question of transformative sustainability science is: how can knowledge be generated and capacities created to transform societies and generate a more just, inclusive and sustainable world? This new research field aims to generate new knowledge emerging from (and supporting) actions addressing the need for deep and enduring societal changes (Fazey et al., 2018). Such actions are adaptive and emergent processes that enhance learning and build individual and collective capacities to initiate or reinforce plural pathways towards alternative, emancipatory and more desirable futures. In generating knowledge for transformative change, importantly, different knowledge systems and ways of knowing need to be engaged, especially those of marginalized and vulnerable populations, such as Indigenous Peoples (Tengö et al., 2017). Further, different kinds of knowledge are necessary, such as strategic knowledge supporting intentional design of actions, empowering knowledge enhancing shared agency and situated knowledge enabling contextual realization (G. Caniglia et al., 2020). Contributing to transformative change means new, collaborative approaches that consider how to nurture transformations by “taking diverse knowledges seriously,” “taking politics seriously,” and “taking plural pathways seriously” (Scoones et al., 2020). Working with the complexities of (un)sustainability rather involves working recursively with the contrasting values and power dynamics that underlie different views about what it means to create change, for whom is change created and by whom (Turnhout et al., 2020). Social–ecological and socio–technical experiments, place-based and transdisciplinary projects, experiments in real-world laboratories and action-oriented projects in higher education are examples of research aiming to learn how to bring about such change.",Knowledge co-creation,"Science & Technology, Systems, Empowerment, Structural"
TCA3_054,Table SM.3.54,Participatory research,"Participatory research is “an umbrella term for research designs, methods and frameworks that use systematic inquiry in direct collaboration with those affected by the issue being studied for the purpose of action or change” (Vaughn & Jacquez, 2020). It is used in a wide variety of disciplines like sustainability science, health sciences, development studies and education. Consequently, there is considerable variety in the way the concept interpreted and used. Stakeholders (those that can affect or are affected by the issue being researched) are typically involved in co-producing knowledge, often with the intent to help “capture the voices and experiences of under-represented, marginalized or hard-to-reach groups in society” (Schubotz, 2020). In participatory research, power is shifted towards stakeholders, who may be involved in formulating research questions, developing study design, collecting and analyzing data, disseminating findings and/or taking action (Cornwall & Jewkes, 1995; Vaughn & Jacquez, 2020). Stakeholder participation can also vary in extent, from informing (where stakeholder have the least power), to consulting, involving, collaborating with, or empowering stakeholders (most power) (Arnstein, 1969; Vaughn & Jacquez, 2020). It is important to note that participation is not ‘better’ if stakeholders are involved at more stages in the research process or to a greater extent. Rather, it is more important that participation is appropriate to stakeholder needs and wants and the needs of the research in question (Blackstock et al., 2007).",Knowledge co-creation,Empowerment
TCA3_055,Table SM.3.55,Transformative education,"Transformative education is a perspective that begins by acknowledging the most common and significant shortcomings of current education. It addresses the most enduring challenges, such as equity and equality and calls for a redefinition of the purposes and content of education for the 21st century. Transformative education seeks to ensure the right to quality education throughout life, as a public endeavour and a common good, providing learners support to learn to learn, learn to live together, learn to do and learn to be (United Nations, 2022). Within this framework, transformative education strives to articulate a vision that prepares individuals of all ages to address profound socio-environmental crises and challenges, including climate change, environmental degradation, biodiversity loss and nature’s decline, poverty and inequality (O’Brien et al., 2013; United Nations, 2022).

Transformative education promotes knowledge, skills, values and attitudes for effective problem-solving, empathy, creative thinking and critical thinking to thrive in an ever-changing world (Graham & Longchamps, 2022). To achieve this, transformative education is grounded in pedagogical principles and didactic approaches that prioritize several key elements (Graham & Longchamps, 2022): sustainable learning (focusing on the in-depth knowledge and skills in the long term), learner-centredness (Schweisfurtha, 2013), active learning, embodied cognition, integrative teaching methods (ranging from interdisciplinarity to multidisciplinarity and holistic learning) and Science, Technology, Engineering, Arts, Mathematics education (Marín-Marín et al., 2021).

Furthermore, transformative education contributes to the attainment of the Sustainable Development Goals and is an integral part of the Sustainable Development Goals targets on Education for Sustainable Development and Global Citizenship Education (United Nations, 2022). As a result, transformative education often intersects with Environmental Education, Education for Sustainable Development, Biodiversity Education (González Galli et al., 2022) and Education for a Sustainable Future (O’Brien et al., 2013). Education systems can establish the

essential prerequisites for transformative education, including adequate investment and the active involvement of educators, among others (United Nations, 2022).","Inner, Knowledge co-creation","Systems, Structural"
TCA3_056,Table SM.3.56,Local Biodiversity Outlook transitions,"Indigenous Peoples and local communities are significant actors for transformative change. Their contributions to conservation and sustainable use of biodiversity have increasingly become more visible during the past 10 years, including through the publication of Local Biodiversity Outlooks (2020) and the IPBES Global Assessment (2019a) and the Kunming-Montreal Global Biodiversity Framework – See Recognition of rights in the Kunming-Montreal Global Biodiversity Framework targets 1, 3, 5, 9, 13, 21, 22, 23 as well as Section C as cross-cutting considerations for the whole Framework covering Rights and contributions of Indigenous Peoples and local communities, Whole-of-government and whole-of-society approach, Human rights-based approach, Diverse knowledge systems and Gender and Intergenerational equity; and Recognition and support for Community-based monitoring and information systems and tools e.g., Indigenous Navigator and citizen science.

Local Biodiversity Outlooks highlights stories of resilience by Indigenous Peoples and local communities addressing underlying drivers of rapid declines in biological and cultural diversity. Each account speaks to inter-generational visions and commitments to building better futures through solidarity and collective actions towards renewal of nature and cultures.

This emerging narrative of transformation is grounded in collective reflections on historical colonization and deepening understandings of contemporary confrontations with State and corporate powers pursuing extractivism and profit accumulation which underpin the current social-ecological crises.",Knowledge co-creation,"Systems, Empowerment"
TCA3_057,Table SM.3.57,Transdisciplinary research,"Transdisciplinary research is knowledge (co)creation that brings together disciplines; extends beyond academic disciplines into other forms of knowledge (e.g., practice, religious, Indigenous, traditional); and challenges the worldviews on which such disciplines are based. It is fundamentally normative, asking questions about what should be, rather than what is and co-creating solutions to achieve these values (Max-Neef, 2005). Transdisciplinary research implies researchers to reflect and deconstruct their own assumptions and ideas (Augsburg, 2014). Conducting transdisciplinary research often includes a period of time at the beginning of enquiries to build capacities, shared understandings and trust amongst participants (Horcea-Milcu et al., 2023). Following this phase 0, transdisciplinary research often entails stages of problem framing, analysis and integration for impact to research and practice (Lang et al., 2012). These phases are not linear and are iterative, requiring continued reflection and readjustment to emerging knowledge and understanding. Transdisciplinary research contributes to understandings of transformative change in 4 main ways. Firstly, transdisciplinary research could transform the worldviews, mindsets and understandings of those who are participating in the process (Augsburg, 2014). Secondly, transdisciplinary research is often enacted as a part of creating transformative change with communities. Thirdly, transdisciplinary research is increasingly the approach taken by researchers within sustainability science as part of exploring processes of transformative change. And fourthly, true transdisciplinary research implies broader transformations of knowledge systems (e.g., funding mechanisms, framings of legitimate knowledge, etc.) to be effectively undertaken (Fazey et al., 2021). It thus challenges the dominant hegemony of quantitative, western knowledges for ‘evidence’-informed policy and action.",Knowledge co-creation,"Empowerment, Structural"
TCA3_058,Table SM.3.58,Transformative innovation policy,"In recent decades, policymakers and researchers have focused on science, technology and innovation as key drivers for economic growth, innovation and job creation. Transformative innovation policy, also known as the third frame for innovation policy, emerged in the early twenty-first century, responding to the pressing environmental and social challenges, aiming at long-term transformation (Schot et al., 2018). Transformative innovation policy builds on previous innovation policy frames (research and innovation and systems innovation), acknowledging their role in building knowledge, upgrading technology and enhancing productive capacity, but recognizing their limitations on giving a clear directionality (towards just sustainable development) and recognizing upfront and ex-ante unintended consequences of innovation (Schot & Steinmueller, 2018).

To craft a policy that effectively addresses social and environmental needs and brings about transformation on both national and regional scales, the science, technology and innovation policy could shift focus and adopt new characteristics. Drawing from the sustainability transitions literature (Gren & Andersson, 2018), transformative innovation policy prioritizes the transformation of socio-technical systems, incorporating concepts like experimental delivery, directional focus and inclusivity. Every economy relies on numerous socio-technical systems that serve critical societal functions such as the provision of energy, food,

healthcare, mobility and communication. Transformative innovation policy seeks to redirect these systems towards greater sustainability.

Furthermore, transformative innovation policy began to broaden its understanding of innovation including civil society and citizens as not only consumers and adopters of innovation but as promotors and sources for innovations that address social and environmental needs. It advocates for bottom-up open innovation spaces where radical alternatives to the dominant unsustainable and unfair practices evolve, involving more actors in this space and engaging them in a participatory way. This would lead to carving out directionality portfolios and sustainable pathways for moving forward (Weber & Rohracher, 2012). This is not an easy and consensus-driven process but a political one (Stirling, 2015).","Knowledge co-creation, Structural","Systems, Science-Technology"
TCA3_059,Table SM.3.59,Epistemic communities,"Epistemic communities theory comes from international relations and focuses on the influence of scientists and experts on public policy and international cooperation (P. Haas, 1992, 2015). While it has predominantly studied environmental issues, it extends to public health, particularly COVID-19, education and international political economy.

Epistemic communities are defined as groups of individuals who share common causal understandings, normative commitments, common truth tests and are engaged in a collective policy project.

Under conditions of uncertainty and complexity decision makers are likely to defer to those with a reputation for authoritative expertise in the wake of a publicly recognized threat, often triggered by a crisis or disaster. Epistemic communities, due to their substantive knowledge, are likely to provide better public policy advice which is capable of accurately recognizing the policy characteristics of an issue and able to provide policy advice which is likely to work, unlike traditional political responses to crises, which tend to rely on business-as-usual approaches, or to apply public policies which are politically attractive.

Concretely, epistemic communities are associated with international regimes and treaties which are effective (P. Haas, 2017). They are most likely to be influential when they satisfy a set of conditions: they enjoy a reputation for impartial expertise, they confer “usable” knowledge which is politically salient, timely and useful at geographic and temporal scale; they are organized into standing science policy interface panels, they are able to set their own agendas, they are recruited on merit and they enjoy distance from governments (P. Haas, 2017). The IPCC, although it has produced authoritative science about climate change which keeps the issue on the international agenda, has not clearly impacted national decision-making, in part because the governments control the summary for policymakers and governments appoint the IPCC experts (P. Haas, 2004).",Science and Technology,"Knowledge co-creation, Systems, Structural"
TCA3_060,Table SM.3.60,Inclusive innovation,"The last two decades have been characterized by recurrent economic and social crises. The COVID-19 pandemic has affected already fragile systems of employment around the world. In many countries worldwide, opportunities for decent work have declined, fair income and security in the workplace have been undermined, social protection for families and better prospects for personal development and social integration have been reduced. Meanwhile the COVID-19 crisis has also accelerated top-down technological innovations. These include apps and online platforms which enable new forms of communication, interactive learning and employment. But they also feature automated machine technologies, such as robots and artificial intelligence, which potentially worsen the precarious position of 1.8 billion low-skilled workers worldwide by putting their jobs at risk (Solórzano et al., 2013; World Bank, 2019). Some of these excluded workers and/or their low-income communities try to collectively respond to crises by innovating in inclusive ways and thereby initiating transformative change.

Innovation is inclusive when the interests and the aspirations of low-income and marginalized communities are taken on board in processes of knowledge generation and exploitation for addressing basic needs. This theoretical agenda occupies the intellectual space between innovation, development and poverty alleviation studies (Pansera & Owen, 2018). It recognizes that social exclusion and inequality have often resulted from disruptive technological innovations and production processes. These are generally top-down, expensive capital-intensive innovations which tend to exclude the interests and aspirations of lower-income and marginalized people. Crises such as Covid-19 exacerbate socioeconomic exclusion and marginalization for ‘bottom of the pyramid’ communities. In order to provide more socially equitable, solidaristic alternatives, the concept of ‘inclusive innovation’ emphasizes accessible novelty, namely: grassroots innovations and production processes which accommodate the needs of lower-income people, enhancing their capabilities and skills, improving their welfare and potentially empowering them (Arocena & Sutz, 2003; Chataway et al., 2014; Cozzens, 2007; Kaplinsky et al., 2009; Levidow & Papaioannou, 2018; Papaioannou, 2018; Prahalad, 2004).","Science and Technology Solutions, Knowledge co-creation",Empowerment
TCA3_061,Table SM.3.61,Sociotechnical infrastructures,"Sociotechnical infrastructures are the emergent systems that organize people and technologies such as databases, information systems, maps, metrics, instruments and more to enable a wide range of actors to know and act in specific ways regarding all kind of contemporary matters including biodiversity loss and nature’s decline (Blok et al., 2016). This theory comes from the pioneering work of Susan Leigh Star (1999), who extensively studied the interrelated influence of technological systems and people (thereby the adjective “sociotechnical”) in helping to stabilize particular orderings that can be open to transformation and change. In this way, the approach takes infrastructures as much more than roads, railroads, bridges and so on. Or as Larkin (2013) has argued, sociotechnical infrastructures are the objects that create the grounds on which other objects operate, so they are things and also the relation between things. Sociotechnical infrastructures theories then, highlight the forms of politics and intervention shaped by these systems

(Harvey et al., 2016), since they create in/exclusions that affect the ability of certain kinds of knowledge to count and certain kinds of actors to act in how transformative change occurs. This theory then contributes to understand transformative change by integrating the technical and social aspects involved in the ongoing material transformation of the world and its elements. As contemporary scholarship on sociotechnical infrastructures has pointed out, this concept has important implications to capture the ontological dimension of transformative change, since it helps to trace how multiple agents, including humans and non-humans meet, engage, transform and produce realities (Jensen & Morita, 2015).","Science and technology, Systems",Knowledge co-creation
TCA3_062,Table SM.3.62,Technological and scientific constructivism,"The social construction, or shaping, of scientific facts and technology has been a main concern in science and technology studies. Constructivism deals with the constructedness of objects and entities. For example, studies have examined the processes in which large technological systems become established, showing that many human factors play a large role in the promotion, shaping and adapting to systems such as electricity grids, road networks and the internet (Hughes, 1998). Social construction of technology approaches studied how technological artifacts such as bikes are as much results of social processes and preferences as determined by fixed technological constraints and developments, while social construction of scientific knowledge examined the social aspects of science (Bijker et al., 1987; Latour, 1987). These theories point out that scientific and technological developments, which are often naturalized in retrospect, in fact could have developed differently depending on the social context and the human factors involved. An important contribution has been to oppose prevailing technological determinism, i.e. that technology alone drives societal developments. The denaturalization of scientific and technological developments has further opened the way for studies of the politics of science and technology, since different possible developments will benefit or burden actors in different ways (Latour, 2004).",Science and technology,"Knowledge co-creation, Systems, Empowerment"